Nome,Codigo
Maria Alice Melo,94979
Luna da Rosa,72536
Yago das Neves,33288
Sra. Maysa Novaes,97993
Isabel da Mata,58194
Juliana Silva,86048
Luigi Ferreira,17555
Joao Vitor Fernandes,49233
Anthony Moura,19053
Bianca Fernandes,13602
Dra. Emanuella Alves,89911
Amanda Fogaca,32737
Lorenzo Costela,61914
Alexandre Fernandes,24119
Lara Rocha,17416
Kaique Viana,77745
Srta. Sophie Carvalho,19110
Vicente Lopes,61088
Dr. Lorenzo Lopes,27064
Maysa Santos,17591
Marcela Santos,70796
Joana Santos,83888
Felipe Nogueira,39701
Caroline Novaes,52419
Leticia Barros,59190
Dra. Julia Gomes,70323
Dr. Luiz Gustavo Jesus,82312
Dr. Bernardo Monteiro,48686
Srta. Caroline Souza,40932
Dr. Luigi Nogueira,26413
Jafte Carneiro Fagundes da Silva,34820
Marcelo Araujo,66669
