Nome,CRM
Maria Alice Melo,94979/PR
Luna da Rosa,72536/PR
Yago das Neves,33288/PR
Sra. Maysa Novaes,97993/PR
Isabel da Mata,58194/PR
Juliana Silva,86048/PR
Luigi Ferreira,17555/PR
Joao Vitor Fernandes,49233/PR
Anthony Moura,19053/PR
Bianca Fernandes,13602/PR
Dra. Emanuella Alves,89911/PR
Amanda Fogaca,32737/PR
Lorenzo Costela,61914/PR
Alexandre Fernandes,24119/PR
Lara Rocha,17416/PR
Kaique Viana,77745/PR
Srta. Sophie Carvalho,19110/PR
Vicente Lopes,61088/PR
Dr. Lorenzo Lopes,27064/PR
Maysa Santos,17591/PR
Marcela Santos,70796/PR
Joana Santos,83888/PR
Felipe Nogueira,39701/PR
Caroline Novaes,52419/PR
Leticia Barros,59190/PR
Dra. Julia Gomes,70323/PR
Dr. Luiz Gustavo Jesus,82312/PR
Dr. Bernardo Monteiro,48686/PR
Srta. Caroline Souza,40932/PR
Dr. Luigi Nogueira,26413/PR
