Nome,CPF
Henriette Hamann-Wiek,04853652970
Ehrenfried Ortmann,67117722485
Gordon Schweitzer,29617941182
Kristin Hakansson,09280218821
Robert-Joakim Myhre,30472801464
Anna Petersson,52630917553
Hans D. Heintze,90995170771
Erik Paulsen,87408563541
Gregory Campbell,98266753913
Marie Madsen,82291329511
Anke Lindner,00159419911
Vegard Evensen,54835712266
Mary Bond,36414721957
Ing. Gerlind Sorgatz B.A.,58850690003
Soren Nilsson,80185058787
Ing. Vinzenz Malzer B.Eng.,03634918810
Michael Gonzalez,12269211764
Margaretha Johansson,46571471044
Solveig Hahn,25089148879
Berit Bøe,68414489144
Astrid-Mette Aasen,93846310244
Unni Pedersen,35909255544
Jon Andreassen-Edvardsen,43019498772
Prof. Magdalene Thies B.A.,84059836494
Mette Nielsen,97971603627
Elin Ellingsen,41390459921
Bror Andersson,19509566264
Linnea Johansson,86198236753
Stian Haugen,09143910262
Thomas Edvardsen,89486027861
Hans-Detlef Trubin B.Sc.,97637457038
Marisa Kallert,86789510447
Bo Andersson,01437698622
Margareta Speer,15348452199
Kristina Lundgren,66207993315
Kevin Barber,17269489451
Jessica Persson,16338973622
Bobby Herring,36754268094
Amanda Lopez,73820845451
Grethe Sørensen-Eriksen,73660818978
Anna Lindgren,52620888200
Eckard Otto,08614679432
Synnøve Jacobsen,88955304230
Christopher Hays,86411123365
Antonio Etzler,68492407050
Nadine Haering,45351869329
Randy Terry,68831482969
Karen Hester,89082993903
Nicholas Goodwin,16559429673
Vidar Haug,53500952405
Stein Bakke,69391037677
Silvana Ruppert,41773845911
Augustin Scholtz B.Eng.,06393338503
Daniel Thompson,20124336911
Hans Andresen,76289627587
Henrik Andersson,19800913833
Jennifer Thornton,91620896070
Jenny Holm,05306212602
Ove Hellstrom,82069295523
Samantha Gilmore,31611482705
Niko Lindau,09780982821
Gustav Lundberg,42737304745
Penny Mullins,00460812276
Kjersti Sørensen,39523225718
Pauline Tasche,61587244222
Allison Rivera,67414783494
Einar Lunde,46999181094
Swantje Buchholz,38666171496
Gerwin Schuster,04853377972
Victoria Horn,99901774484
Silvester Tasche,69642768457
Lena Hamann,68106065836
Summer Paul,51047314113
Wilhelm Jakobsson,99742505024
Zenon Dippel,18980247417
Amy Williams,11263414011
Andreas Lindberg,35875917099
Marte Sæther,13913289850
Roman Wieloch B.Eng.,09966313953
Irene Mikkelsen,38103892663
Lovisa Lind,88667150713
Hakon Christensen,24777486661
Miriam Hofig,12745425587
Odd Nguyen,87326100622
Tone Eliassen,91672972562
Mikael Johansson,50346715102
Univ.Prof. Walburga Rogge B.Sc.,84174978340
Bjorn Norberg,39096300654
Melissa Turner,65950018717
Irene Hjalmarsson,74617268258
Emelie Nielsen,87300599081
Solveig Johansson,45473761564
Erik Berntsson,74251513266
Jorg-Peter Kensy-Hendriks,28863636672
Denise Crawford,84998786554
Mirko Barth,48152614431
Sindre Helland,72576594426
Christa Misicher B.Eng.,34079610262
Joakim Tangen,43947378945
Nicole Sandoval,95593206017
Maria Fernanda Ribeiro Fagundes,25232267825
Maria Fernanda Ribeiro Fagundes,11111111122
Giovana Ribeiro Fagundes,22222222233
Marta Rocha,33333333344
